{
  "version": 1,
  "author": "Vishal Kumar",
  "editor": "wokwi",
  "parts": [
    { "type": "wokwi-arduino-uno", "id": "uno", "top": 0.6, "left": -0.6, "attrs": {} },
    {
      "type": "wokwi-mpu6050",
      "id": "imu1",
      "top": 156.58,
      "left": 290.92,
      "rotate": 270,
      "attrs": {}
    },
    {
      "type": "board-ssd1306",
      "id": "oled1",
      "top": -102.46,
      "left": 115.43,
      "attrs": { "i2cAddress": "0x3c" }
    },
    {
      "type": "wokwi-led-ring",
      "id": "ring1",
      "top": -133.76,
      "left": 289.19,
      "attrs": { "pixels": "16" }
    }
  ],
  "connections": [
    [ "imu1:VCC", "uno:5V", "red", [ "h0" ] ],
    [ "imu1:GND", "uno:GND.3", "black", [ "h0" ] ],
    [ "uno:A5", "imu1:SCL", "gold", [ "v0" ] ],
    [ "imu1:SDA", "uno:A4", "green", [ "h-28.8", "v28.72", "h-28.8" ] ],
    [ "oled1:GND", "uno:GND.2", "black", [ "v-9.6", "h-76.8", "v326.4", "h96" ] ],
    [ "oled1:SDA", "uno:A4", "green", [ "v-28.8", "h67.27" ] ],
    [ "oled1:SCL", "uno:A5", "gold", [ "v-57.6", "h0.3" ] ],
    [ "ring1:GND", "uno:GND.1", "black", [ "v0" ] ],
    [ "ring1:VCC", "uno:5V", "red", [ "v0" ] ],
    [ "ring1:DIN", "uno:6", "blue", [ "v0" ] ],
    [ "oled1:VCC", "uno:3.3V", "red", [ "v-48", "h-67.05" ] ]
  ],
  "dependencies": {}
}